singer_id,n_files,n_failed,total_duration_min,mean_file_sec,usable_files,usable_duration_min,usable_duration_min_capped60,snr_db_mean,snr_db_median,voiced_ratio_mean,oct_jumps_per_voiced_min,clip_ratio_mean,f0_p5_hz,f0_median_hz,f0_p95_hz,range_fit,quality_score
36,825,0,50.62,3.68,707,45.7,45.7,25.44,25.59,0.729,1.35,0.0,208.5,305.2,473.6,1.0,0.4774
14,1244,0,86.13,4.15,926,67.66,60.0,21.68,21.13,0.7791,1.8,0.0,202.5,314.2,487.7,1.0,0.4238
27,601,0,46.87,4.68,486,38.99,38.99,22.39,21.85,0.7709,1.3,0.0,196.6,323.6,502.2,1.0,0.4119
28,559,0,44.08,4.73,448,35.85,35.85,22.91,22.92,0.7689,1.11,0.0,196.6,305.2,446.7,1.0,0.3929
32,475,0,34.8,4.4,342,25.46,25.46,18.27,17.79,0.8002,1.95,0.0,214.7,305.2,460.0,1.0,0.3726
19,640,0,46.28,4.34,500,39.62,39.62,23.02,23.06,0.7587,1.0,0.0,214.7,343.1,502.2,1.0,0.3417
41,662,0,53.17,4.82,428,38.01,38.01,18.5,17.48,0.79,0.62,0.0,126.7,202.5,314.2,1.0,0.3405
21,770,0,53.84,4.2,573,43.01,43.01,19.4,18.95,0.7828,0.78,0.0,196.6,314.2,487.7,1.0,0.3381
1,359,0,23.96,4.0,273,19.09,19.09,23.87,23.61,0.7742,0.48,0.0,227.6,363.8,564.7,0.862,0.1095
0,326,0,21.56,3.97,155,11.05,11.05,16.7,16.02,0.7982,1.9,0.0,202.5,296.4,460.0,1.0,0.075
2,588,0,40.98,4.18,125,8.84,8.84,12.29,11.34,0.85,0.09,0.0,185.4,287.8,421.2,1.0,nan
42,568,0,46.4,4.9,491,40.93,40.93,22.66,22.75,0.7211,1.24,0.0,208.5,353.3,532.5,0.967,0.3452
33,635,0,46.0,4.35,429,32.86,32.86,18.98,18.16,0.772,1.29,0.0,202.5,323.6,517.2,1.0,0.3357
9,581,0,40.97,4.23,484,36.14,36.14,23.28,22.97,0.743,1.42,0.0,196.6,287.8,460.0,1.0,0.306
43,155,0,12.17,4.71,127,10.55,10.55,20.93,22.18,0.7946,0.52,0.0,227.6,343.1,517.2,1.0,0.2952
29,761,0,53.95,4.25,591,43.13,43.13,20.59,20.61,0.7627,0.44,0.0,196.6,296.4,446.7,1.0,0.2905
47,677,0,49.44,4.38,376,29.13,29.13,16.52,15.93,0.7687,1.66,0.0,208.5,314.2,473.6,1.0,0.2857
10,586,0,40.78,4.18,505,36.96,36.96,23.67,23.82,0.7621,0.84,0.0,221.1,353.3,517.2,0.967,0.2821
30,525,0,41.96,4.8,327,27.51,27.51,19.75,18.89,0.7607,1.34,0.0,196.6,323.6,502.2,1.0,0.2774
39,604,0,43.8,4.35,389,28.78,28.78,18.99,18.57,0.7904,0.46,0.0,185.4,279.5,421.2,1.0,0.2714
40,691,0,51.91,4.51,415,32.68,32.68,17.39,16.74,0.7873,0.56,0.0,208.5,323.6,502.2,1.0,0.2655
34,423,0,28.71,4.07,230,16.35,16.35,17.57,16.77,0.8034,1.0,0.0,227.6,314.2,487.7,1.0,0.2536
16,737,0,48.11,3.92,568,39.03,39.03,21.28,21.05,0.7766,0.24,0.0,227.6,343.1,517.2,1.0,0.2155
18,672,0,45.66,4.08,353,26.22,26.22,16.95,15.96,0.8109,1.16,0.0,214.7,314.2,473.6,1.0,0.2155
38,624,0,47.19,4.54,443,35.02,35.02,19.32,17.57,0.7996,0.4,0.0,214.7,353.3,517.2,0.967,0.2012
4,701,0,58.93,5.04,583,48.95,48.95,21.02,20.41,0.7771,0.24,0.0,142.4,323.6,517.2,1.0,0.175
23,770,0,57.28,4.46,439,33.98,33.98,17.46,17.2,0.7611,0.73,0.0,208.5,323.6,487.7,1.0,0.1738
26,642,0,49.73,4.65,346,28.89,28.89,16.61,15.86,0.8085,0.47,0.0,202.5,323.6,502.2,1.0,0.1583
46,532,0,36.03,4.06,288,20.34,20.34,17.61,16.71,0.761,0.61,0.0,214.7,333.2,487.7,1.0,0.1464
37,262,0,19.61,4.49,175,13.35,13.35,18.43,18.45,0.7403,0.82,0.0,174.9,263.6,385.8,1.0,0.1452
13,611,0,36.09,3.54,335,22.88,22.88,18.08,17.83,0.8021,0.35,0.0,208.5,343.1,517.2,1.0,0.1155
8,344,0,25.25,4.4,215,15.83,15.83,17.59,17.15,0.7946,0.99,0.0,221.1,323.6,473.6,1.0,0.0952
3,539,0,34.85,3.88,318,23.25,23.25,17.0,16.62,0.7614,0.49,0.0,202.5,305.2,487.7,1.0,-0.0405
5,470,0,31.12,3.97,138,9.14,9.14,13.28,12.5,0.8555,0.3,0.0,208.5,305.2,487.7,1.0,nan
7,497,0,39.72,4.8,372,30.99,30.99,19.79,19.31,0.7677,0.52,0.0,196.6,287.8,446.7,1.0,0.1452
45,675,0,46.73,4.15,332,23.89,23.89,16.72,15.24,0.7863,0.38,0.0,214.7,333.2,502.2,1.0,0.1071
25,632,0,45.44,4.31,292,22.86,22.86,15.91,14.79,0.7918,0.75,0.0,190.9,279.5,421.2,1.0,0.1012
17,572,0,39.58,4.15,287,21.43,21.43,17.06,15.43,0.8104,0.5,0.0,180.1,271.4,397.3,1.0,0.0738
15,331,0,24.66,4.47,190,14.84,14.84,17.8,16.59,0.8021,0.5,0.0,164.9,287.8,409.1,1.0,0.0548
11,641,0,40.13,3.76,419,28.71,28.71,18.62,18.12,0.7682,0.26,0.0,196.6,323.6,502.2,1.0,0.0488
20,280,0,18.52,3.97,196,13.5,13.5,21.28,20.48,0.7616,0.14,0.0,185.4,287.8,433.8,1.0,0.0202
24,387,0,27.04,4.19,201,16.1,16.1,17.42,16.43,0.7933,0.23,0.0,196.6,296.4,473.6,1.0,0.0107
12,502,0,36.66,4.38,249,18.51,18.51,16.65,15.55,0.7962,0.51,0.0,180.1,287.8,433.8,1.0,0.0095
22,809,0,63.85,4.74,223,19.21,19.21,13.57,11.66,0.8074,0.1,0.0,214.7,333.2,502.2,1.0,-0.0131
6,511,0,39.51,4.64,268,22.69,22.69,17.28,16.25,0.7814,0.29,0.0,190.9,305.2,473.6,1.0,-0.0512
31,196,0,11.8,3.61,152,9.65,9.65,18.14,18.63,0.7657,0.22,0.0,196.6,296.4,446.7,1.0,nan
35,160,0,14.05,5.27,68,6.34,6.34,15.42,14.21,0.7858,0.09,0.0,190.9,287.8,421.2,1.0,nan
44,269,0,18.05,4.03,100,6.17,6.17,13.84,13.41,0.8267,0.2,0.0,196.6,279.5,433.8,1.0,nan
